id;external_id;version_number;module;title;creator;uses_count;description_html;route;image_url;avatar_url;hidden
1;7343;11022;so;industrialize metal notarize;flame below yahoo;3919;../fake-data/blob/hipster.txt;yet beside into;huddle;institutionalize incinerate;false
2;10724;2316;thoughtfully;during;accredit brr black;26854;../fake-data/blob/hipster.txt;vice;phooey pity save;brisk schlep intrepid;true
3;30486;16285;what treble captain;extricate;tribe since;24231;../fake-data/blob/hipster.txt;plus;scenario sleepily;supportive;true
4;32663;15808;if;geez courageously quaintly;paintwork among equate;20173;../fake-data/blob/hipster.txt;before really;round however;upwardly nippy;false
5;24366;11004;decode offensively;decouple who;hence worldly fumigate;14156;../fake-data/blob/hipster.txt;dearly;stealthily when;carefree;true
6;20876;32527;dearly tromp;yearly;masticate;23070;../fake-data/blob/hipster.txt;boo;absent;ha angelic;true
7;4452;24151;political personal;hungrily through;above;10286;../fake-data/blob/hipster.txt;gee;gadzooks well;worth obnoxiously;true
8;14356;26620;truly vague mainstream;along on;miserably foretell;30816;../fake-data/blob/hipster.txt;emphasise;torn;until potentially fundraising;true
9;12;31323;questionable badly biodegrade;yum plus ack;shyly devastation;18601;../fake-data/blob/hipster.txt;solder;equate igloo grok;aha;true
10;23220;20333;gleefully aside clearly;availability;round;806;../fake-data/blob/hipster.txt;spring;astride quickly strategy;peony gah clearly;false
